[{"__symbolic":"module","version":3,"metadata":{"StaticReflector":{"__symbolic":"class","members":{"__ctor__":[{"__symbolic":"constructor","parameters":[{"__symbolic":"reference","module":"./static_symbol_resolver","name":"StaticSymbolResolver"},{"__symbolic":"reference","name":"Array","arguments":[{"__symbolic":"error","message":"Expression form not supported","line":40,"character":28}]},{"__symbolic":"reference","name":"Array","arguments":[{"__symbolic":"error","message":"Expression form not supported","line":41,"character":30}]},{"__symbolic":"error","message":"Expression form not supported","line":42,"character":30}]}],"importUri":[{"__symbolic":"method"}],"resourceUri":[{"__symbolic":"method"}],"resolveIdentifier":[{"__symbolic":"method"}],"findDeclaration":[{"__symbolic":"method"}],"findSymbolDeclaration":[{"__symbolic":"method"}],"resolveEnum":[{"__symbolic":"method"}],"annotations":[{"__symbolic":"method"}],"propMetadata":[{"__symbolic":"method"}],"parameters":[{"__symbolic":"method"}],"_methodNames":[{"__symbolic":"method"}],"hasLifecycleHook":[{"__symbolic":"method"}],"_registerDecoratorOrConstructor":[{"__symbolic":"method"}],"_registerFunction":[{"__symbolic":"method"}],"initializeConversionMap":[{"__symbolic":"method"}],"getStaticSymbol":[{"__symbolic":"method"}],"reportError":[{"__symbolic":"method"}],"trySimplify":[{"__symbolic":"method"}],"simplify":[{"__symbolic":"method"}],"getTypeMetadata":[{"__symbolic":"method"}]}}}},{"__symbolic":"module","version":1,"metadata":{"StaticReflector":{"__symbolic":"class","members":{"__ctor__":[{"__symbolic":"constructor","parameters":[{"__symbolic":"reference","module":"./static_symbol_resolver","name":"StaticSymbolResolver"},{"__symbolic":"reference","name":"Array","arguments":[{"__symbolic":"error","message":"Expression form not supported","line":40,"character":28}]},{"__symbolic":"reference","name":"Array","arguments":[{"__symbolic":"error","message":"Expression form not supported","line":41,"character":30}]},{"__symbolic":"error","message":"Expression form not supported","line":42,"character":30}]}],"importUri":[{"__symbolic":"method"}],"resourceUri":[{"__symbolic":"method"}],"resolveIdentifier":[{"__symbolic":"method"}],"findDeclaration":[{"__symbolic":"method"}],"findSymbolDeclaration":[{"__symbolic":"method"}],"resolveEnum":[{"__symbolic":"method"}],"annotations":[{"__symbolic":"method"}],"propMetadata":[{"__symbolic":"method"}],"parameters":[{"__symbolic":"method"}],"_methodNames":[{"__symbolic":"method"}],"hasLifecycleHook":[{"__symbolic":"method"}],"_registerDecoratorOrConstructor":[{"__symbolic":"method"}],"_registerFunction":[{"__symbolic":"method"}],"initializeConversionMap":[{"__symbolic":"method"}],"getStaticSymbol":[{"__symbolic":"method"}],"reportError":[{"__symbolic":"method"}],"trySimplify":[{"__symbolic":"method"}],"simplify":[{"__symbolic":"method"}],"getTypeMetadata":[{"__symbolic":"method"}]}}}}]